WKT,FDNR,Nafn,Lon,Lat,Allir
"POINT (-21.952843 64.141045)",2,Hagatorg 1,-21.952843,64.141045,x
"POINT (-21.94283261 64.14711377)",4,Suðurgata 1,-21.94283261,64.14711377,x
"POINT (-21.93816 64.145811)",5,Bókhlöðustígur 2,-21.93816,64.145811,x
"POINT (-21.91443 64.142241)",6,Grettisgata 89,-21.91443,64.142241,x
"POINT (-21.93146188 64.14587724)",7,Bergstaðarstræti 3,-21.93146188,64.14587724,x
"POINT (-21.92275071 64.1440866)",9,Vitastígur 10,-21.92275071,64.1440866,x
"POINT (-21.88433609 64.12835568)",11,Stóragerði 16,-21.88433609,64.12835568,x
"POINT (-21.885663 64.148241)",12,Laugarnesvegur 72,-21.885663,64.148241,x
"POINT (-21.93080933 64.14245478)",13,Freyjugata 21,-21.93080933,64.14245478,x
"POINT (-21.93580786 64.1431304)",14,Grundarstígur 21,-21.93580786,64.1431304,x
"POINT (-21.95499526 64.14868901)",15,Bræðraborgarstígur 36,-21.95499526,64.14868901,x
"POINT (-21.70787764 64.18677216)",20,Fitjar,-21.70787764,64.18677216,x
"POINT (-21.81611696 64.10112699)",21,Iðufell 12,-21.81611696,64.10112699,x
"POINT (-21.83535251 64.11951257)",23,Rafstöðvarvegur-Elliðaárbrú,-21.83535251,64.11951257,x
"POINT (-21.93079437 64.1224889)",24,Nauthólsvík,-21.93079437,64.1224889,x
"POINT (-21.92898212 64.13995766)",26,Barónsstígur 78,-21.92898212,64.13995766,x
"POINT (-21.95748011 64.13869703)",27,Dunhagi 17,-21.95748011,64.13869703,x
"POINT (-21.85886241 64.13393503)",28,Sólheimar 23a,-21.85886241,64.13393503,x
"POINT (-21.9034199 64.14537594)",29,Borgartún 20,-21.9034199,64.14537594,x
"POINT (-21.91862515 64.14486188)",30,Barónsstígur 4,-21.91862515,64.14486188,x
"POINT (-21.80821978 64.12564246)",32,Höfðabakki i9,-21.80821978,64.12564246,x
"POINT (-21.94409041 64.15079606)",33,Tryggvagata,-21.94409041,64.15079606,x
"POINT (-21.94921704 64.1487886)",37,Öldugata 23,-21.94921704,64.1487886,x
"POINT (-21.97103379 64.14516913)",39,Kaplaskjólsvegur 64,-21.97103379,64.14516913,x
"POINT (-21.94563462 64.14613053)",40,Garðastræti 43,-21.94563462,64.14613053,x
"POINT (-21.95073355 64.14522454)",41,Brávallagata 14,-21.95073355,64.14522454,x
"POINT (-21.92764454 64.14496989)",42,Grettisgata 11,-21.92764454,64.14496989,x
"POINT (-21.923844 64.145452)",43,Lindargata 51,-21.923844,64.145452,x
"POINT (-21.93683786 64.14045133)",45,Fjólugata 21,-21.93683786,64.14045133,x
"POINT (-21.92037478 64.13801757)",49,Gunnarsbraut 38,-21.92037478,64.13801757,x
"POINT (-21.9454829 64.14971171)",50,Ránargata 10,-21.9454829,64.14971171,x
"POINT (-21.80373972 64.12238902)",51,Fossháls 21,-21.80373972,64.12238902,x
"POINT (-21.86214771 64.14006714)",52,Sunnuvegur 25,-21.86214771,64.14006714,x
"POINT (-21.81590357 64.12607652)",55,Tangarhöfði 6,-21.81590357,64.12607652,x
"POINT (-21.96205636 64.14998447)",57,Grandavegur 38,-21.96205636,64.14998447,x
"POINT (-21.95003983 64.15185522)",59,Mýrargata 25,-21.95003983,64.15185522,x
"POINT (-21.79881316 64.12245502)",61,Fossháls 3,-21.79881316,64.12245502,x
"POINT (-21.95340323 64.15071746)",62,Brekkustígur 2,-21.95340323,64.15071746,x
"POINT (-21.92629802 64.14289738)",63,Frakkastígur 23,-21.92629802,64.14289738,x
"POINT (-21.9315388 64.12893419)",66,Reykjavíkurflugvöllur,-21.9315388,64.12893419,x
"POINT (-21.88921523 64.13069952)",69,Hvassaleiti 24,-21.88921523,64.13069952,x
"POINT (-21.91088896 64.14274084)",73,Stakkholt 3,-21.91088896,64.14274084,x
"POINT (-21.94307349 64.146016)",74,Tjarnargata 11,-21.94307349,64.146016,x
"POINT (-21.93814317 64.14685369)",76,Lækjargata 8,-21.93814317,64.14685369,x
"POINT (-21.88526559 64.13898501)",82,Ármúli 5,-21.88526559,64.13898501,x
"POINT (-21.86151706 64.24579242)",84,Arnarholt,-21.86151706,64.24579242,x
"POINT (-21.91081548 64.13939453)",90,Meðalholt 12,-21.91081548,64.13939453,x
"POINT (-21.91512681 64.13223253)",91,Eskihlíð 20,-21.91512681,64.13223253,x
"POINT (-21.83119952 64.12723778)",93,Sævarhöfði 6-12,-21.83119952,64.12723778,x
"POINT (-21.76059407 64.08831866)",95,Elliðavatn,-21.76059407,64.08831866,x
"POINT (-21.91994745 64.13119939)",100,Öskjuhlíð,-21.91994745,64.13119939,x
"POINT (-21.92079993 64.14143144)",103,Barónsstígur 45,-21.92079993,64.14143144,x
"POINT (-21.94701887 64.14164191)",106,Félagsstofnun Stúdenta,-21.94701887,64.14164191,x
"POINT (-21.95511902 64.14376084)",108,Grenimelur 10,-21.95511902,64.14376084,x
"POINT (-21.97446718 64.14885545)",109,Rekagrandi 12,-21.97446718,64.14885545,x
"POINT (-21.95329179 64.14716639)",110,Ásvallagata 40,-21.95329179,64.14716639,x
"POINT (-21.76717792 64.12932349)",111,Grafarholt H.R,-21.76717792,64.12932349,x
"POINT (-21.91615217 64.14020137)",113,Mánagata 25,-21.91615217,64.14020137,x
"POINT (-21.79009965 64.10004046)",115,Traðir. Víðidal,-21.79009965,64.10004046,x
"POINT (-21.91846938 64.13540294)",119,Engihlið 6,-21.91846938,64.13540294,x
"POINT (-21.94449808 64.14849466)",122,Garðastræti 16,-21.94449808,64.14849466,x
"POINT (-21.9119419 64.13400895)",123,Mávahlíð 23,-21.9119419,64.13400895,x
"POINT (-21.90935297 64.12539024)",127,Bálstofa,-21.90935297,64.12539024,x
"POINT (-21.94123739 64.15016939)",129,Grófarbryggja,-21.94123739,64.15016939,x
"POINT (-21.94956791 64.153401)",130,Grandagarður,-21.94956791,64.153401,x
"POINT (-21.82364933 64.10066332)",135,Völvufell 13,-21.82364933,64.10066332,x
"POINT (-21.823602 64.100687)",135_02,Norðurfell 17-19,-21.823602,64.100687,x
"POINT (-21.89461329 64.12669134)",136,Miðleiti 2,-21.89461329,64.12669134,x
"POINT (-21.85682527 64.12922757)",137,Karfavogur 43,-21.85682527,64.12922757,x
"POINT (-21.8949483 64.1230663)",138,Sléttuvegur 1A,-21.8949483,64.1230663,x
"POINT (-21.80999283 64.12731801)",139,Höfðabakki 7,-21.80999283,64.12731801,x
"POINT (-21.88787594 64.14282709)",140,Laugateigur 24,-21.88787594,64.14282709,x
"POINT (-21.90772417 64.13414437)",146,Miklabraut 84,-21.90772417,64.13414437,x
"POINT (-21.87228906 64.1408123)",148,Sigtún Skautasvel,-21.87228906,64.1408123,x
"POINT (-21.82281192 64.12779944)",154,Hyrjarhöfði,-21.82281192,64.12779944,x
"POINT (-21.79027742 64.15123371)",155,Álfaborgir 2,-21.79027742,64.15123371,x
"POINT (-21.79028551 64.14492092)",157,Mururimi 1a,-21.79028551,64.14492092,x
"POINT (-21.79262934 64.14163404)",160,Fífurimi 1a,-21.79262934,64.14163404,x
"POINT (-21.84825797 64.1029907)",162,Skógarsel 12,-21.84825797,64.1029907,x
"POINT (-21.711584 64.092186)",167,Hella,-21.711584,64.092186,x
"POINT (-21.97536282 64.14613741)",170,Granaskjól 29,-21.97536282,64.14613741,x
"POINT (-21.95239046 64.14238583)",173,Arngrímsgata 1,-21.95239046,64.14238583,x
"POINT (-21.96412107 64.14252819)",175,Kvisthagi _21,-21.96412107,64.14252819,x
"POINT (-21.95686169 64.15114813)",177,Seljavegur 32,-21.95686169,64.15114813,x
"POINT (-21.96767374 64.14923832)",182,Boðagrandi 1,-21.96767374,64.14923832,x
"POINT (-21.87670446 64.12328646)",184,Hólmgarður 22,-21.87670446,64.12328646,x
"POINT (-21.74730765 64.17731005)",185,Víðines,-21.74730765,64.17731005,x
"POINT (-21.85840929 64.14682427)",188,Vatnagarðar 12,-21.85840929,64.14682427,x
"POINT (-21.85452901 64.14507276)",189,Vatnagarðar 24,-21.85452901,64.14507276,x
"POINT (-21.81975221 64.15154591)",190,Gufunes - sorpa,-21.81975221,64.15154591,x
"POINT (-21.77987801 64.21480795)",200,Esjuberg,-21.77987801,64.21480795,x
"POINT (-21.79149663 64.11094751)",202,Eyktarás 26,-21.79149663,64.11094751,x
"POINT (-21.82022286 64.1074005)",207,Vesturberg 142,-21.82022286,64.1074005,x
"POINT (-21.95447824 64.12920882)",210,Baugatangi 1,-21.95447824,64.12920882,x
"POINT (-21.82227211 64.10505179)",214,Vesturberg 74,-21.82227211,64.10505179,x
"POINT (-21.48317488 64.21237707)",216,Stardalur,-21.48317488,64.21237707,x
"POINT (-21.79696275 64.15273061)",224,Dvergaborgir 1a,-21.79696275,64.15273061,x
"POINT (-21.94493737 64.15423883)",237,Grandabakki,-21.94493737,64.15423883,x
"POINT (-21.86750917 64.12664688)",241,Hlíðargerði 13,-21.86750917,64.12664688,x
"POINT (-21.85965412 64.15124035)",250,Korngarðar 10,-21.85965412,64.15124035,x
"POINT (-21.84069268 64.27282005)",251,Dalsmynni,-21.84069268,64.27282005,x
"POINT (-21.83703001 64.28048018)",258,Saurbær,-21.83703001,64.28048018,x
"POINT (-21.85417187 64.13480474)",260,Skútuvogur 13,-21.85417187,64.13480474,x
"POINT (-21.91141153 64.13802253)",261,Miklatún,-21.91141153,64.13802253,x
"POINT (-21.87876839 64.1282155)",263,Heiðargeri 80,-21.87876839,64.1282155,x
"POINT (-21.86942896 64.14517955)",267,Vesturbrún 18,-21.86942896,64.14517955,x
"POINT (-21.90659712 64.14164495)",268,Brautarholt 14,-21.90659712,64.14164495,x
"POINT (-21.90938363 64.13011276)",270,Hörgshlíð 24,-21.90938363,64.13011276,x
"POINT (-21.90356084 64.13519752)",274,Bólstaðarhlíð 26,-21.90356084,64.13519752,x
"POINT (-21.962792 64.139328)",275,Ægisíða 70,-21.962792,64.139328,x
"POINT (-21.879581 64.12652118)",276,Skálagerði 6,-21.879581,64.12652118,x
"POINT (-21.874348 64.12628442)",277,Breiðagerði 15,-21.874348,64.12628442,x
"POINT (-21.84650306 64.11778682)",280,Blesugróf 38,-21.84650306,64.11778682,x
"POINT (-21.8614802 64.12397896)",284,Langagerði 72,-21.8614802,64.12397896,x
"POINT (-21.86229691 64.14381014)",285,Kambsvegur 23,-21.86229691,64.14381014,x
"POINT (-21.90703268 64.13177725)",298,Bogahlíð 24,-21.90703268,64.13177725,x
"POINT (-21.87675274 64.24161179)",300,Brautarholt,-21.87675274,64.24161179,x
"POINT (-21.82274977 64.12554934)",303,Bíldshöfi 9A,-21.82274977,64.12554934,x
"POINT (-21.87112621 64.14941161)",305,Kleppsvegur 52,-21.87112621,64.14941161,x
"POINT (-21.88209649 64.14941752)",308,Rauðalækur 11,-21.88209649,64.14941752,x
"POINT (-21.85281548 64.12292524)",309,Garðsendi 6,-21.85281548,64.12292524,x
"POINT (-21.873716 64.136147)",310,Ármúli 27,-21.873716,64.136147,x
"POINT (-21.90155043 64.12476574)",315,Birkihlíð 6,-21.90155043,64.12476574,x
"POINT (-21.78988673 64.21775882)",321,Kirkjuland,-21.78988673,64.21775882,x
"POINT (-21.84738054 64.12979566)",322,Dugguvogur 11,-21.84738054,64.12979566,x
"POINT (-21.77974624 64.11143768)",325,Rauðavatn,-21.77974624,64.11143768,x
"POINT (-21.86131647 64.13599753)",327,Goðheimar 54,-21.86131647,64.13599753,x
"POINT (-21.87413808 64.13405624)",331,Ármúli 31,-21.87413808,64.13405624,x
"POINT (-21.86511974 64.13266202)",332,Gnoðarvogur 20,-21.86511974,64.13266202,x
"POINT (-21.77585445 64.14776801)",344,Reyrengi 15,-21.77585445,64.14776801,x
"POINT (-21.86689158 64.1457233)",348,Vesturbrún 9,-21.86689158,64.1457233,x
"POINT (-21.88060559 64.1505857)",349,Kleppsvegur 8,-21.88060559,64.1505857,x
"POINT (-21.88950583 64.12908579)",350,Hvassaleiti 77,-21.88950583,64.12908579,x
"POINT (-21.8429017 64.10822688)",355,Þönglabakki 1,-21.8429017,64.10822688,x
"POINT (-21.89274692 64.13715015)",359,Álftamýri 8,-21.89274692,64.13715015,x
"POINT (-21.89448981 64.13507496)",360,Álftamýri 38,-21.89448981,64.13507496,x
"POINT (-21.88778742 64.13633774)",362,Háaleitisbraut 20a,-21.88778742,64.13633774,x
"POINT (-21.88674881 64.13460046)",363,Háaleitisbraut 38,-21.88674881,64.13460046,x
"POINT (-21.88423887 64.13387733)",364,Háaleitisbraut 44,-21.88423887,64.13387733,x
"POINT (-21.88777185 64.13252233)",365,Safamýri 34,-21.88777185,64.13252233,x
"POINT (-21.93255258 64.13130337)",374,Loftleiðir,-21.93255258,64.13130337,x
"POINT (-21.79431028 64.10296819)",377,Brekknaás,-21.79431028,64.10296819,x
"POINT (-21.75416029 64.212523)",378,Stekkur,-21.75416029,64.212523,x
"POINT (-21.9397785 64.15692716)",379,Eyjaslóð 1,-21.9397785,64.15692716,x
"POINT (-21.95865905 64.14068289)",382,Fornhagi 9,-21.95865905,64.14068289,x
"POINT (-21.88985432 64.13975119)",385,Suðurlandsbraut 2,-21.88985432,64.13975119,x
"POINT (-21.78204835 64.1504386)",387,Mosavegur,-21.78204835,64.1504386,x
"POINT (-21.85314677 64.23975604)",388,Lykkja,-21.85314677,64.23975604,x
"POINT (-21.87957841 64.13251783)",398,Fellsmúli 9,-21.87957841,64.13251783,x
"POINT (-21.90187073 64.14115744)",400,Laugavegur 172,-21.90187073,64.14115744,x
"POINT (-21.94164853 64.15484634)",401,Grandabryggja,-21.94164853,64.15484634,x
"POINT (-21.85306 64.14299601)",403,Kleppsvegur 120,-21.85306,64.14299601,x
"POINT (-21.82516194 64.23700594)",404,Kléberg,-21.82516194,64.23700594,x
"POINT (-21.85772836 64.13128943)",405,Snekkjuvogur 9,-21.85772836,64.13128943,x
"POINT (-21.87156269 64.12316672)",407,Hólmgarður 39,-21.87156269,64.12316672,x
"POINT (-21.91108398 64.14483137)",408,Þórunnartún 2,-21.91108398,64.14483137,x
"POINT (-21.84149399 64.13930452)",414,Kjalarvogur 17A,-21.84149399,64.13930452,x
"POINT (-21.87568222 64.13165156)",415,Grensásvegur 16,-21.87568222,64.13165156,x
"POINT (-21.87863 64.137298)",417,Ármúli 17,-21.87863,64.137298,x
"POINT (-21.878311 64.14839366)",422,Leirulækur,-21.878311,64.14839366,x
"POINT (-21.96299304 64.1457608)",423,Kaplaskjólsvegur 31,-21.96299304,64.1457608,x
"POINT (-21.86295199 64.14734562)",426,Kleppsvegur 74,-21.86295199,64.14734562,x
"POINT (-21.87389668 64.12781165)",427,Akurgerði 17,-21.87389668,64.12781165,x
"POINT (-21.8043644 64.11570901)",428,Hlaðbær,-21.8043644,64.11570901,x
"POINT (-21.93517346 64.13761597)",432,Umferðarmiðstöðin,-21.93517346,64.13761597,x
"POINT (-21.78441065 64.14775292)",433,Fróðengi 1,-21.78441065,64.14775292,x
"POINT (-21.8058945 64.11802652)",435,Rofabær 5-7,-21.8058945,64.11802652,x
"POINT (-21.80205993 64.11724442)",436,Rofabær 17,-21.80205993,64.11724442,x
"POINT (-21.79704819 64.1165298)",437,Rofabær 27,-21.79704819,64.1165298,x
"POINT (-21.7896317 64.11547902)",438,Rofabær 39,-21.7896317,64.11547902,x
"POINT (-21.81072128 64.11663156)",439,Fagribær 12,-21.81072128,64.11663156,x
"POINT (-21.87784809 64.14061152)",440,Laugardalshöll,-21.87784809,64.14061152,x
"POINT (-21.8979434 64.13738479)",441,Skipholt 70,-21.8979434,64.13738479,x
"POINT (-21.88242675 64.12999426)",442,Heiðargerði 1a,-21.88242675,64.12999426,x
"POINT (-21.96286029 64.14764195)",443,Meistaravellir 10,-21.96286029,64.14764195,x
"POINT (-21.89474277 64.13915591)",444,Bolholt H.R,-21.89474277,64.13915591,x
"POINT (-21.80821773 64.10567846)",445,Hólaberg 74,-21.80821773,64.10567846,x
"POINT (-21.90225609 64.13060655)",446,Stigahlíð 50,-21.90225609,64.13060655,x
"POINT (-21.89675309 64.1399713)",447,Bolholt 4,-21.89675309,64.1399713,x
"POINT (-21.87072884 64.13054872)",448,Skeifan 13,-21.87072884,64.13054872,x
"POINT (-21.85328536 64.1382877)",450,Njörvasund 12,-21.85328536,64.1382877,x
"POINT (-21.85689456 64.14222633)",455,Skipasund 21,-21.85689456,64.14222633,x
"POINT (-21.8338139 64.1118283)",456,Fremristekkur 12,-21.8338139,64.1118283,x
"POINT (-21.839646 64.110145)",456_02,Brúnastekkur,-21.839646,64.110145,x
"POINT (-21.92788719 64.14741308)",463,Klapparstígur 7B,-21.92788719,64.14741308,x
"POINT (-21.82985021 64.1084249)",468,Eyjabakki 32,-21.82985021,64.1084249,x
"POINT (-21.87608405 64.12168961)",471,Efstaland 24,-21.87608405,64.12168961,x
"POINT (-21.87978989 64.11966199)",472,Brautarland 19,-21.87978989,64.11966199,x
"POINT (-21.88273191 64.12057707)",473,Brúnaland 1,-21.88273191,64.12057707,x
"POINT (-21.85302916 64.12885028)",476,Eikjuvogur 18,-21.85302916,64.12885028,x
"POINT (-21.82753777 64.13237552)",477,Sævarhöfði 31,-21.82753777,64.13237552,x
"POINT (-21.91418016 64.14391605)",478,Hverfisgata 113,-21.91418016,64.14391605,x
"POINT (-21.82780058 64.11524351)",479,Blesugróf H.R,-21.82780058,64.11524351,x
"POINT (-21.825714 64.11722544)",480,Félagsheimili RR,-21.825714,64.11722544,x
"POINT (-21.95146878 64.13913554)",483,Árnagarður,-21.95146878,64.13913554,x
"POINT (-21.83922364 64.10815494)",485,Tungubakki 34,-21.83922364,64.10815494,x
"POINT (-21.83226433 64.10573526)",487,Hjaltabakki,-21.83226433,64.10573526,x
"POINT (-21.78717184 64.11793031)",489,Tunguháls 2,-21.78717184,64.11793031,x
"POINT (-21.94050193 64.1598607)",490,Hólmaslóð 12,-21.94050193,64.1598607,x
"POINT (-21.82783317 64.10161351)",491,Þórufell 20a,-21.82783317,64.10161351,x
"POINT (-21.82499141 64.12935281)",492,Breiðhöfði 10,-21.82499141,64.12935281,x
"POINT (-21.83316506 64.11269018)",494,Stekkjarbakki H.R,-21.83316506,64.11269018,x
"POINT (-21.87260388 64.13248626)",495,Grensásvegur 3,-21.87260388,64.13248626,x
"POINT (-21.89611405 64.14212805)",496,Hátún 10,-21.89611405,64.14212805,x
"POINT (-21.86639002 64.12052954)",497,Hulduland 11a,-21.86639002,64.12052954,x
"POINT (-21.86833689 64.11916332)",498,Helluland 19,-21.86833689,64.11916332,x
"POINT (-21.92026125 64.13427027)",499,Skógarhlíð 10,-21.92026125,64.13427027,x
"POINT (-21.8535841 64.10007649)",500,Tindasel 3,-21.8535841,64.10007649,x
"POINT (-21.81715727 64.10954121)",501,Lóuhólar 6,-21.81715727,64.10954121,x
"POINT (-21.88213176 64.12454085)",502,Furugerði 5,-21.88213176,64.12454085,x
"POINT (-21.77098993 64.11956749)",504,Bullauga,-21.77098993,64.11956749,x
"POINT (-21.8429528 64.10211151)",505,Giljasel 12,-21.8429528,64.10211151,x
"POINT (-21.83573131 64.10071041)",508,Dalsel 9,-21.83573131,64.10071041,x
"POINT (-21.89200234 64.14588116)",511,Borgartún 38,-21.89200234,64.14588116,x
"POINT (-21.837841 64.094588)",515,Kleifarsel 26,-21.837841,64.094588,x
"POINT (-21.88025618 64.13828366)",518,Vegmúli 4,-21.88025618,64.13828366,x
"POINT (-21.81397927 64.10528999)",522,Hraunberg 6,-21.81397927,64.10528999,x
"POINT (-21.85739575 64.11877277)",535,Sævarland 20,-21.85739575,64.11877277,x
"POINT (-21.83156909 64.0978357)",537,Flúðasel 28,-21.83156909,64.0978357,x
"POINT (-21.81411083 64.12802654)",539,Hamarshöfði 15a,-21.81411083,64.12802654,x
"POINT (-21.84601482 64.14271502)",541,Holtavegur,-21.84601482,64.14271502,x
"POINT (-21.93645844 64.15553088)",542,Norðurgarður,-21.93645844,64.15553088,x
"POINT (-21.79882011 64.14841429)",548,Smárarimi,-21.79882011,64.14841429,x
"POINT (-21.80171567 64.14494603)",549,Rimaflöt 9,-21.80171567,64.14494603,x
"POINT (-21.80980005 64.10868889)",566,Orrahólar 7,-21.80980005,64.10868889,x
"POINT (-21.94145529 64.14874621)",568,Vesturgata 2,-21.94145529,64.14874621,x
"POINT (-21.80259455 64.14286954)",570,Bæjarflöt 8a,-21.80259455,64.14286954,x
"POINT (-21.845202 64.097679)",578,Rangársel 20,-21.845202,64.097679,x
"POINT (-21.98288323 64.15037208)",581,Öldugrandi 1,-21.98288323,64.15037208,x
"POINT (-21.94125868 64.15240372)",582,Ægisgarður,-21.94125868,64.15240372,x
"POINT (-21.89653599 64.13149744)",583,Kringlan 7,-21.89653599,64.13149744,x
"POINT (-21.79404842 64.12271022)",588,járnháls 4,-21.79404842,64.12271022,x
"POINT (-21.86876018 64.13879552)",590,Þvottalaugarvegur 25,-21.86876018,64.13879552,x
"POINT (-21.9605668 64.13694832)",591,Ægissíða 50,-21.9605668,64.13694832,x
"POINT (-21.84413672 64.14226644)",603,Holtabakki,-21.84413672,64.14226644,x
"POINT (-21.82097459 64.11514295)",605,Höfðabakkabrú,-21.82097459,64.11514295,x
"POINT (-21.82533949 64.12144045)",607,Silakvísl 8,-21.82533949,64.12144045,x
"POINT (-21.78581548 64.10980732)",608,Reykás 13,-21.78581548,64.10980732,x
"POINT (-21.83164797 64.24002772)",610,Esjugrund 40,-21.83164797,64.24002772,x
"POINT (-21.93188062 64.14852133)",615,Kalkofnsvegur 3,-21.93188062,64.14852133,x
"POINT (-21.78618996 64.10553992)",617,Selásbraut 103,-21.78618996,64.10553992,x
"POINT (-21.93174252 64.14653922)",619,Hverfisgata 20,-21.93174252,64.14653922,x
"POINT (-21.7893352 64.13355807)",621,Logafold 106a,-21.7893352,64.13355807,x
"POINT (-21.83971083 64.12342369)",622,Rafstöðvarvegur-Elliðaárbrú,-21.83971083,64.12342369,x
"POINT (-21.84737359 64.13906103)",623,Skútuvogur 4,-21.84737359,64.13906103,x
"POINT (-21.80366053 64.13538522)",628,Hverafold 30A,-21.80366053,64.13538522,x
"POINT (-21.8142877 64.12191361)",629,Nethylur 2a,-21.8142877,64.12191361,x
"POINT (-21.82608486 64.1310026)",630,Breiðhöfði 17,-21.82608486,64.1310026,x
"POINT (-21.76405649 64.13904389)",634,Keldnaholt,-21.76405649,64.13904389,x
"POINT (-21.89254418 64.12859675)",636,Hvassaleiti 54,-21.89254418,64.12859675,x
"POINT (-21.79746896 64.12561892)",640,Viðarhöfði 4,-21.79746896,64.12561892,x
"POINT (-21.8584844 64.15177329)",642,Korngarðar 12,-21.8584844,64.15177329,x
"POINT (-21.7943149 64.13668201)",644,Jöklafold 45,-21.7943149,64.13668201,x
"POINT (-21.86605079 64.12943045)",646,Faxafen 9,-21.86605079,64.12943045,x
"POINT (-21.8471099 64.10579153)",647,Árskógar 10,-21.8471099,64.10579153,x
"POINT (-21.79941259 64.12016046)",648,Réttarháls 1,-21.79941259,64.12016046,x
"POINT (-21.80259325 64.13829357)",650,Fannafold 113a,-21.80259325,64.13829357,x
"POINT (-21.95398241 64.1391525)",651,Hjarðarhagi 2,-21.95398241,64.1391525,x
"POINT (-21.79749157 64.13411844)",653,Logafold 4,-21.79749157,64.13411844,x
"POINT (-21.78065669 64.15297032)",658,Hamravík 14a,-21.78065669,64.15297032,x
"POINT (-21.81696062 64.13964884)",659,Hlaðhamrar 2A,-21.81696062,64.13964884,x
"POINT (-21.89035552 64.14173522)",660,Sigtún 40A,-21.89035552,64.14173522,x
"POINT (-21.847104 64.136217)",662,Skútuvogur 14,-21.847104,64.136217,x
"POINT (-21.81096182 64.13779118)",670,Dyrhamrar 30,-21.81096182,64.13779118,x
"POINT (-21.76347299 64.15381666)",674,Korpúlfsstaðavegur,-21.76347299,64.15381666,x
"POINT (-21.85241432 64.16287187)",678,Viðey,-21.85241432,64.16287187,x
"POINT (-21.95370814 64.13606775)",680,Eggertsgata,-21.95370814,64.13606775,x
"POINT (-21.77228616 64.13610992)",684,Miðhús 2A,-21.77228616,64.13610992,x
"POINT (-21.90641587 64.12747163)",688,Bústaðarvegur 7,-21.90641587,64.12747163,x
"POINT (-21.94440665 64.15630712)",693,Fiskislóð 53,-21.94440665,64.15630712,x
"POINT (-21.78519168 64.13857099)",695,Dalhús 25,-21.78519168,64.13857099,x
"POINT (-21.77762809 64.13883891)",696,Hlíðarhús 9,-21.77762809,64.13883891,x
"POINT (-21.75196583 64.14747639)",702,Blikastaðavegur 10,-21.75196583,64.14747639,x
"POINT (-21.89025584 64.12189568)",707,Borgarsjúkrahús,-21.89025584,64.12189568,x
"POINT (-21.8117 64.12882)",709,Stórhöfði 23,-21.8117,64.128820,x
"POINT (-21.93329559 64.14540699)",712,Hallveigarstígur 7,-21.93329559,64.14540699,x
"POINT (-21.94248836 64.14801803)",716,Aðalstræti 8,-21.94248836,64.14801803,x
"POINT (-21.799062 64.097076)",720,Breiðholtsbraut-brú,-21.799062,64.097076,x
"POINT (-21.9500368 64.13437572)",727,Skerplugata 1A,-21.9500368,64.13437572,x
"POINT (-21.77476691 64.15076451)",728,Starengi 22,-21.77476691,64.15076451,x
"POINT (-21.77071531 64.14485539)",733,Fossaleinir 13,-21.77071531,64.14485539,x
"POINT (-21.94074055 64.14944157)",736,Tryggvagata 17,-21.94074055,64.14944157,x
"POINT (-21.7512279 64.15664603)",737,Barðastaðir 1,-21.7512279,64.15664603,x
"POINT (-21.81567709 64.13205607)",771,Básabryggja 19,-21.81567709,64.13205607,x
"POINT (-21.69342768 64.18899846)",783,Fitjakot,-21.69342768,64.18899846,x
"POINT (-21.75859982 64.13612856)",787,Lambhagavegur 17A,-21.75859982,64.13612856,x
"POINT (-21.75249372 64.13322013)",788,Lambhagi Gróðrarstöð,-21.75249372,64.13322013,x
"POINT (-21.88626157 64.15158113)",789,Sæbraut. Laugarnestangi,-21.88626157,64.15158113,x
"POINT (-21.81872169 64.23671211)",793,Vallá,-21.81872169,64.23671211,x
"POINT (-21.83578999 64.24217018)",796,Norðurgrund,-21.83578999,64.24217018,x
"POINT (-21.91551642 64.12911104)",799,Öskjuhlíð II,-21.91551642,64.12911104,x
"POINT (-21.76394204 64.12667988)",800,Maríubaugur 125A,-21.76394204,64.12667988,x
"POINT (-21.76510814 64.12402014)",801,Ólafsgeisli 57a,-21.76510814,64.12402014,x
"POINT (-21.75451171 64.12659943)",803,Kirkjustétt 1A,-21.75451171,64.12659943,x
"POINT (-21.87336757 64.1554326)",808,Klettagarðar,-21.87336757,64.1554326,x
"POINT (-21.7068368 64.20102049)",810,Naustanes,-21.7068368,64.20102049,x
"POINT (-21.68045102 64.19300661)",813,Varmidalur III,-21.68045102,64.19300661,x
"POINT (-21.75042023 64.12452656)",841,Þorláksgeisli 41a,-21.75042023,64.12452656,x
"POINT (-21.74929495 64.12888002)",842,Jónsgeisli 6A,-21.74929495,64.12888002,x
"POINT (-21.74442723 64.12684542)",844,Þórðarsveigur 12A,-21.74442723,64.12684542,x
"POINT (-21.82061944 64.12914758)",845,Stórhöfði 9,-21.82061944,64.12914758,x
"POINT (-21.739487 64.126066)",861,Gvendargeisli 13A,-21.739487,64.126066,x
"POINT (-21.7627165 64.1303857)",862,Vínlandsleið 18,-21.7627165,64.1303857,x
"POINT (-21.90353985 64.13739539)",869,Stakkahlíð 1,-21.90353985,64.13739539,x
"POINT (-21.86741269 64.1426842)",884,Laugarásvegur 45,-21.86741269,64.1426842,x
"POINT (-21.88643927 64.12583628)",886,Stóragerði 46,-21.88643927,64.12583628,x
"POINT (-21.56639965 64.2070105)",889,Hrafnhólar,-21.56639965,64.2070105,x
"POINT (-21.777088 64.098214)",891,Reiðvað 1a,-21.777088,64.098214,x
"POINT (-21.88140236 64.14554173)",894,Reykjavegur,-21.88140236,64.14554173,x
"POINT (-21.78339251 64.11725249)",897,Klettháls 7a,-21.78339251,64.11725249,x
"POINT (-21.79377831 64.14811667)",899,sóleyjarrimi 29,-21.79377831,64.14811667,x
"POINT (-21.76851111 64.10231213)",1101,Helluvað 1a,-21.76851111,64.10231213,x
"POINT (-21.77588323 64.10235163)",1102,Bjallavað 1a,-21.77588323,64.10235163,x
"POINT (-21.69482489 64.1950959)",1109,Esjumelur 1b,-21.69482489,64.1950959,x
"POINT (-21.76258774 64.10147506)",1110,Hólmvað 2a,-21.76258774,64.10147506,x
"POINT (-21.91776681 64.14300029)",1143,Laugavegur 96,-21.91776681,64.14300029,x
"POINT (-21.89794924 64.14542222)",1150,Borgartún 26,-21.89794924,64.14542222,x
"POINT (-21.77987771 64.12314637)",1156,Krókháls 11,-21.77987771,64.12314637,x
"POINT (-21.86476784 64.15563871)",1162,skarfabakki,-21.86476784,64.15563871,x
"POINT (-21.74344788 64.13323178)",1163,Úlfarsbraut 48a,-21.74344788,64.13323178,x
"POINT (-21.74026437 64.13605356)",1178,Friggjarbrunnur 47,-21.74026437,64.13605356,x
"POINT (-21.89759633 64.14374918)",1187,sóltún 4a,-21.89759633,64.14374918,x
"POINT (-21.93494497 64.15037409)",1189,Faxagarður,-21.93494497,64.15037409,x
"POINT (-21.73739002 64.13273664)",1195,Úlfarsbraut 124a,-21.73739002,64.13273664,x
"POINT (-21.73316016 64.13545933)",1196,Urðarbrunnur 130a,-21.73316016,64.13545933,x
"POINT (-21.72507601 64.12779416)",1197,Haukdælabraut 56a,-21.72507601,64.12779416,x
"POINT (-21.72724739 64.12956407)",1198,Haukdælabraut 126b,-21.72724739,64.12956407,x
"POINT (-21.75982998 64.14480733)",1221,Blikastaðavegur 2 - 8,-21.75982998,64.14480733,x
"POINT (-21.94665171 64.15764672)",1227,Fiskislóð 37a,-21.94665171,64.15764672,x
"POINT (-21.736981 64.098531)",1233,Vegbrekkur 19a,-21.736981,64.098531,x
"POINT (-21.71138376 64.20839491)",1236,Mógilsá 1,-21.71138376,64.20839491,x
"POINT (-21.70636583 64.20780017)",1237,Mógilsá 23a,-21.70636583,64.20780017,x
"POINT (-21.84263241 64.13529733)",1243,Kjalarvogur 10a,-21.84263241,64.13529733,x
"POINT (-21.89782531 64.12137946)",1248,Skógarvegur 6a,-21.89782531,64.12137946,x
"POINT (-21.90960481 64.14614936)",1264,Guðrúnartún 8,-21.90960481,64.14614936,x
"POINT (-21.81220158 64.15222574)",1274,Gufunesvegur 1a,-21.81220158,64.15222574,x
"POINT (-21.80434368 64.22431962)",1278,Ljárdalur,-21.80434368,64.22431962,x
"POINT (-21.81315047 64.22976739)",1279,Vindheimar,-21.81315047,64.22976739,x
"POINT (-21.86547574 64.15147225)",1298,Klettagarðar 7a,-21.86547574,64.15147225,x
"POINT (-21.68169563 64.14172431)",1305,Jarðstöð Úlfarsdal,-21.68169563,64.14172431,x
"POINT (-21.79833541 64.22031655)",1310,Söðlagerði,-21.79833541,64.22031655,x
"POINT (-21.88326055 64.1395113)",1311,Suðurlandsbraut 8,-21.88326055,64.1395113,x
"POINT (-21.67003533 64.20482866)",1316,Vellir 3a,-21.67003533,64.20482866,x
"POINT (-21.66317048 64.20892091)",1317,Vellir,-21.66317048,64.20892091,x
"POINT (-21.64863609 64.20874636)",1318,Norðurgröf,-21.64863609,64.20874636,x
"POINT (-21.69685733 64.20701252)",1324,Kollafjörður laxeldi,-21.69685733,64.20701252,x
"POINT (-21.78875162 64.21529707)",1332,Móar,-21.78875162,64.21529707,x
"POINT (-21.79976939 64.2124531)",1333,Saltvík,-21.79976939,64.2124531,x
"POINT (-21.89995978 64.11732078)",864_01 1334,Fossvogur,-21.89995978,64.11732078,x
"POINT (-21.93795027 64.14825492)",1337,Pósthússtræti,-21.93795027,64.14825492,x
"POINT (-21.93559392 64.14790789)",1350,Tryggvagata 27,-21.93559392,64.14790789,x
"POINT (-21.73214158 64.13677515)",1352,Silfratjörn 5a,-21.73214158,64.13677515,x
"POINT (-21.73511026 64.13670253)",1353,Rökkvatjörn 1A,-21.73511026,64.13670253,x
"POINT (-21.77629573 64.12492964)",1357,Laxalón 1,-21.77629573,64.12492964,x
"POINT (-21.84883584 64.13252959)",1368,Dugguvogur 2 - bráðab.,-21.84883584,64.13252959,x
"POINT (-21.76388894 64.20442239)",1370,Móaberg,-21.76388894,64.20442239,x
"POINT (-21.75738904 64.18911398)",1391,Álfsnes,-21.75738904,64.18911398,x
"POINT (-21.88938835 64.14833879)",1400,Hallgerðargata,-21.88938835,64.14833879,x
"POINT (-21.80770419 64.15362419)",1416,Jöfursbás 4a,-21.80770419,64.15362419,x
"POINT (-21.8220898 64.13317038)",1420,Tangabryggja 13E,-21.8220898,64.13317038,x
"POINT (-21.92565209 64.13646229)",1429,Hvannagata,-21.92565209,64.13646229,x
"POINT (-21.77515061 64.21277501)",1438,Sætún,-21.77515061,64.21277501,x
"POINT (-21.84172072 64.26946238)",1444,Melgerði,-21.84172072,64.26946238,x
"POINT (-21.85571862 64.267923)",1445,Melavellir,-21.85571862,64.267923,x
"POINT (-21.86336791 64.25870728)",1446,Bakki,-21.86336791,64.25870728,x
"POINT (-21.95206716 64.1524102)",1478,Héðinsreitur. Mýrargötu,-21.95206716,64.1524102,x
"POINT (-21.69391114 64.19829124)",1501,Járnslétta 8a,-21.69391114,64.19829124,x
"POINT (-21.87252 64.120112)",471_02,Giljaland 1,-21.87252,64.120112,x
"POINT (-21.860444 64.120323)",497_02,Kelduland 1,-21.860444,64.120323,x
"POINT (-21.855473 64.11846)",535_02,Traðarland 14,-21.855473,64.11846,x
"POINT (-21.829763 64.238999)",610_02,Víkurgrund 10,-21.829763,64.238999,x
"POINT (-21.87228001 64.12014347)",471,Giljaland 1,-21.87228001,64.12014347,x
"POINT (-21.901462 64.140205)",246,Skipholt_50,-21.901462,64.140205,x
"POINT (-21.939053 64.140929)",1360,Hljómskálagarður,-21.939053,64.140929,x
"POINT (-21.923253 64.146605)",0043_02,Vatnsstígur 22,-21.923253,64.146605,x
"POINT (-21.839223 64.108152)",0485_02,Tungubakki 34,-21.839223,64.108152,x
"POINT (-21.847104 64.1362172)",662,Skútguvogur 14,-21.847104,64.1362172,x
"POINT (-21.930395 64.134795)",1364,Hlíðarendi 14,-21.930395,64.134795,x
"POINT (-21.849715 64.121826)",1517,Bústaðavegur 145a,-21.849715,64.121826,x
"POINT (-21.84128 64.098107)",0578_02,Hjallasel 20,-21.84128,64.098107,x
"POINT (-21.857556 64.105022)",1454_01,Álfabakki 4a,-21.857556,64.105022,x
